opcode,latitude_dd,longitude_dd,date_time,site,location,status,depth_m,left_cam_number,right_cam_number,left_memcard_number,right_memcard_number,successful_count,successful_length,observer_count,observer_length,visibility_m,inclusion_probability,observer_habitat_forward,observer_habitat_backward,observer_habitat_downward,successful_habitat_forward,successful_habitat_backward,successful_habitat_downward
1_1,-43.67942372,147.0936608,2021-06-21T08:45+11:00,1,Huon AMP,IV,110,1278,1279,,,Yes,Yes,DS,DS,,0.000336593,Ashlee B,,,Yes,,
1_2,-43.67712313,147.0931289,2021-07-14T13:17+11:00,1,Huon AMP,IV,108,1276,1277,,,Yes,Yes,DS,DS,,0.000336593,Ashlee B,,,Yes,,
1_3,-43.67770155,147.0891668,2021-07-14T13:12+11:00,1,Huon AMP,IV,107,1280,1281,,,Yes,Yes,DS,DS,,0.000336593,Ashlee B,,,Yes,,
1_4,-43.67635825,147.0904858,2021-07-14T13:23+11:00,1,Huon AMP,IV,107,1278,1279,,,Yes,Yes,DS,DS,,0.000336593,Ashlee B,,,Yes,,
1_5,-43.67482038,147.0952388,2021-07-14T13:28+11:00,1,Huon AMP,IV,107,1260,1261,,,Yes,No,DS,DS,,0.000336593,Ashlee B,,,Yes,,
1_6,-43.6742494,147.0899542,2021-07-14T13:36+11:00,1,Huon AMP,IV,105,1258,1259,,,Yes,No,DS,DS,,0.0254953,Ashlee B,,,Yes,,
